http,https,socks4,socks5
1.0.170.50:80,1.0.170.50:80,1.9.167.36:60489,1.180.49.222:7302
1.0.205.87:8080,1.0.205.87:8080,1.20.95.95:5678,3.131.207.170:13343
1.1.189.58:8080,1.1.189.58:8080,1.32.59.217:47045,14.23.50.42:7302
1.1.220.100:8080,1.1.220.100:8080,1.53.137.84:4145,14.23.62.59:7300
1.2.252.65:8080,1.2.252.65:8080,1.179.130.201:4153,20.239.2.157:80
1.32.59.217:47045,1.32.59.217:47045,1.179.148.9:36476,24.249.199.4:4145
1.179.136.98:8080,1.179.136.98:8080,1.179.172.45:31225,24.249.199.12:4145
1.179.144.41:8080,1.179.144.41:8080,3.131.207.170:13343,43.128.36.71:3389
1.179.148.9:36476,1.179.148.9:36476,5.8.240.90:4153,43.156.107.62:80
2.179.193.146:80,2.179.193.146:80,5.8.240.94:4153,43.224.10.46:6667
3.20.236.208:49205,3.20.236.208:49205,5.188.64.79:5678,45.148.121.228:443
3.215.177.148:49205,3.215.177.148:49205,5.226.125.10:10801,47.74.152.29:8888
5.16.0.97:1256,5.16.0.97:1256,8.39.228.129:39593,47.240.226.173:1080
5.104.174.199:23500,5.104.174.199:23500,8.42.68.93:39593,47.245.56.108:18181
5.153.234.91:3128,5.153.234.91:3128,8.42.68.109:39593,47.252.4.64:8888
5.180.130.90:80,5.180.130.90:80,8.42.68.249:39593,47.254.195.78:443
8.242.207.202:8080,8.242.207.202:8080,8.42.71.1:39593,49.12.156.165:80
12.88.29.66:9080,12.88.29.66:9080,8.42.71.5:39593,51.83.190.248:19050
12.144.254.185:9080,12.144.254.185:9080,12.187.55.1:39593,51.222.12.245:10084
14.29.108.150:8998,14.102.13.161:8080,13.58.88.184:5678,51.222.13.193:10084
14.102.13.161:8080,14.160.32.23:8080,13.58.223.158:5678,54.39.87.232:39721
14.160.32.23:8080,14.161.31.192:53281,14.161.17.4:4153,58.215.199.34:7302
14.161.31.192:53281,14.170.154.10:8080,14.232.163.52:10801,60.174.107.73:7302
14.170.154.10:8080,14.170.154.193:19132,18.216.32.60:5678,60.198.53.23:80
14.170.154.193:19132,14.177.235.17:8080,18.216.72.10:5678,60.215.109.34:7302
14.177.235.17:8080,14.177.236.212:55443,20.239.2.157:80,61.79.139.30:80
14.177.236.212:55443,14.192.3.161:83,24.172.34.114:49920,61.134.48.51:7302
14.192.3.161:83,14.241.39.165:19132,24.234.142.118:31008,61.145.158.142:7302
14.241.39.165:19132,14.241.111.38:8080,24.249.199.4:4145,61.178.94.23:7302
14.241.111.38:8080,14.241.225.167:80,24.249.199.12:4145,62.171.166.158:40063
14.241.225.167:80,14.248.80.77:8080,27.42.168.46:61308,66.42.224.229:41679
14.248.80.77:8080,18.216.72.10:5678,27.115.33.94:4153,67.201.33.10:25283
18.216.72.10:5678,18.222.17.49:49205,27.147.144.122:4153,68.71.249.153:48606
18.222.17.49:49205,24.51.32.59:8080,31.146.97.254:5678,69.61.200.104:36181
24.51.32.59:8080,24.72.171.214:8080,31.172.133.253:4153,70.166.167.38:57728
24.72.171.214:8080,24.106.221.230:53281,31.179.162.78:4153,70.166.167.55:57745
24.106.221.230:53281,24.116.218.195:8080,31.210.225.135:4153,72.49.49.11:31034
24.116.218.195:8080,24.172.34.114:49920,31.220.183.217:53281,72.195.34.35:27360
24.172.34.114:49920,24.172.82.94:53281,36.37.104.98:34040,72.195.34.41:4145
24.172.82.94:53281,27.42.168.46:61308,36.37.104.99:34040,72.195.34.42:4145
24.227.247.186:8080,27.72.149.205:8080,36.66.36.252:4153,72.195.34.58:4145
27.42.168.46:61308,27.72.244.228:8080,36.66.192.35:38420,72.195.34.59:4145
27.72.149.205:8080,27.131.179.204:10443,36.67.27.189:39674,72.195.34.60:27391
27.72.244.228:8080,27.131.179.206:10443,36.67.88.77:4153,72.195.114.169:4145
27.131.179.204:10443,27.131.179.220:10443,36.89.11.81:5678,72.195.114.184:4145
27.131.179.206:10443,27.147.193.82:8080,36.91.187.250:5678,72.206.181.97:64943
27.131.179.220:10443,27.147.209.215:8080,36.92.36.42:4153,72.206.181.103:4145
27.147.193.82:8080,31.42.57.1:8080,36.92.138.51:5678,72.206.181.105:64935
27.147.209.215:8080,31.43.52.176:41890,36.95.56.58:5678,72.206.181.123:4145
31.42.57.1:8080,31.46.33.59:53281,36.95.171.107:5678,72.210.208.101:4145
31.43.52.176:41890,31.129.166.5:8080,36.95.245.95:5678,72.210.252.134:46164
31.46.33.59:53281,31.220.183.217:53281,37.17.53.108:3629,72.210.252.137:4145
31.129.166.5:8080,34.229.130.62:49205,37.57.15.43:33761,72.217.216.239:4145
31.220.183.217:53281,34.230.89.25:49205,37.98.218.137:5678,72.221.164.34:60671
34.229.130.62:49205,36.37.81.135:8080,37.99.254.217:5678,72.221.172.203:4145
34.230.89.25:49205,36.37.86.60:60005,37.131.164.93:59341,72.221.196.157:35904
36.37.81.135:8080,36.37.160.242:8080,37.205.81.41:4145,72.221.232.155:4145
36.37.86.60:60005,36.66.19.10:8080,37.228.65.107:32052,77.37.155.85:1080
36.37.160.242:8080,36.67.27.189:39674,41.57.20.140:1080,81.22.103.65:80
36.66.19.10:8080,36.67.168.117:80,41.79.10.218:4673,85.25.91.141:15333
36.67.27.189:39674,36.67.237.146:3128,41.139.147.86:5678,89.22.17.108:1080
36.67.168.117:80,36.89.156.150:8080,41.170.12.92:49142,91.151.88.130:80
36.67.237.146:3128,36.89.212.250:8080,41.190.232.36:36926,91.202.230.219:8080
36.89.156.150:8080,36.89.212.254:8080,41.223.108.13:1080,91.242.213.247:8080
36.89.212.250:8080,36.89.252.155:8080,43.156.107.62:80,95.111.233.170:3000
36.89.212.254:8080,36.91.68.148:8080,43.224.10.46:6667,97.74.230.87:31365
36.89.252.155:8080,36.91.68.149:8080,43.225.161.91:4153,98.162.25.4:31654
36.91.68.147:8080,36.91.133.49:10000,43.225.163.209:4153,98.162.25.7:31653
36.91.68.148:8080,36.91.148.37:8080,43.228.95.138:5678,98.162.25.23:4145
36.91.68.149:8080,36.91.166.98:8080,43.239.75.145:4145,98.162.25.29:31679
36.91.133.49:10000,36.91.216.243:8080,43.239.75.193:4145,98.162.96.41:4145
36.91.148.37:8080,36.92.85.66:8080,43.246.143.250:9999,98.162.96.52:4145
36.91.166.98:8080,36.92.93.61:8080,45.7.177.176:39867,98.162.96.53:10663
36.91.216.243:8080,36.92.111.49:9812,45.7.177.187:39867,98.170.57.231:4145
36.92.85.66:8080,36.92.134.71:999,45.7.177.190:39867,98.175.31.195:4145
36.92.93.61:8080,36.92.140.113:8080,45.7.177.195:39867,98.178.72.21:10919
36.92.111.49:9812,36.93.2.50:8080,45.7.177.206:39867,98.188.47.132:4145
36.92.134.71:999,36.94.2.138:443,45.7.177.226:34234,98.188.47.150:4145
36.92.140.113:8080,36.94.47.58:4480,45.7.178.102:34234,103.5.232.145:8080
36.93.2.50:8080,36.94.58.28:4480,45.71.185.42:3629,103.117.192.14:80
36.94.2.138:443,36.95.15.146:8080,45.112.3.145:4145,103.127.1.130:80
36.94.47.58:4480,36.95.15.147:8080,45.122.44.17:5678,103.197.251.202:80
36.94.58.28:4480,36.95.15.149:8080,45.124.25.237:4145,103.251.214.167:6666
36.95.15.146:8080,36.95.54.114:8080,45.135.235.132:5678,106.14.147.96:22
36.95.15.147:8080,37.54.13.78:8081,45.148.121.228:443,106.14.255.124:80
36.95.15.149:8080,37.57.15.43:33761,45.160.221.161:5678,110.78.208.148:8080
36.95.27.225:8080,37.139.26.54:3128,45.162.226.113:59341,110.235.250.155:1080
36.95.54.114:8080,37.204.157.91:41890,45.162.227.129:59341,111.61.73.175:7302
37.54.13.78:8081,37.228.65.107:32052,45.163.203.1:4145,112.6.117.178:8085
37.57.15.43:33761,37.238.132.158:54190,45.166.26.9:53695,113.108.247.146:20086
37.139.26.54:3128,38.10.246.84:999,45.168.15.86:4153,113.160.188.21:1080
37.204.157.91:41890,41.65.67.166:1981,45.172.176.1:59341,113.176.118.150:1080
37.228.65.107:32052,41.75.85.22:8080,45.173.143.28:50958,116.212.142.231:33427
37.238.132.158:54190,41.77.13.186:53281,45.175.179.4:4145,119.13.78.93:1080
38.10.246.84:999,41.79.37.74:8585,45.181.228.212:4145,119.13.124.3:1080
38.10.246.85:999,41.180.68.195:8080,45.249.78.193:3629,119.91.250.25:6666
41.65.67.166:1981,41.203.83.66:8080,46.36.70.104:1080,120.220.220.95:8085
41.75.85.22:8080,41.204.87.90:8080,46.98.185.160:5678,122.224.56.198:7302
41.77.13.186:53281,41.215.85.74:8080,46.98.199.154:5678,123.183.174.69:7302
41.79.37.74:8585,41.220.114.154:8080,46.160.90.81:5678,124.126.18.167:8000
41.180.68.195:8080,41.220.238.130:83,46.173.35.229:3629,124.133.20.234:7302
41.203.83.66:8080,41.220.238.137:82,46.174.235.37:5678,124.167.248.230:1080
41.204.87.90:8080,41.243.7.18:8080,46.219.80.142:45237,124.225.116.119:7302
41.215.85.74:8080,41.254.45.128:8080,46.227.37.9:1088,125.66.165.154:7302
41.220.114.154:8080,41.254.53.70:1976,46.227.37.81:1088,125.227.225.157:3389
41.220.238.130:83,43.129.223.147:38080,47.74.152.29:8888,128.199.196.151:443
41.220.238.137:82,43.224.10.46:6667,47.206.214.4:54321,135.181.203.208:80
41.242.116.150:50000,43.227.129.65:81,47.245.56.108:18181,138.201.125.229:8118
41.243.7.18:8080,43.228.95.122:83,47.252.4.64:8888,150.129.201.30:6666
41.254.45.128:8080,43.243.140.198:8080,49.0.32.177:10801,153.121.36.194:8118
41.254.53.70:1976,43.243.172.2:83,49.156.42.186:5678,155.223.64.80:8081
43.129.223.147:38080,43.243.172.18:84,49.206.195.204:5678,159.69.117.155:42572
43.224.10.46:6667,43.243.174.3:84,49.248.32.110:48434,159.69.153.169:5566
43.227.129.65:81,43.243.174.56:83,50.47.75.212:5678,165.154.92.12:3512
43.228.95.122:83,43.245.95.178:53805,50.47.75.217:5678,167.71.5.83:8080
43.243.140.198:8080,43.249.224.170:82,50.192.195.69:39792,174.64.199.79:4145
43.243.172.2:83,43.249.224.172:84,50.197.210.138:32100,174.64.199.82:4145
43.243.172.18:84,45.4.252.217:999,50.199.46.20:32100,174.75.211.222:4145
43.243.174.3:84,45.5.92.94:8137,50.205.119.150:32482,174.77.111.196:4145
43.243.174.56:83,45.7.177.226:34234,50.207.130.198:54321,174.77.111.197:4145
43.245.95.178:53805,45.7.178.102:34234,50.227.46.1:32482,174.77.111.198:49547
43.249.224.170:82,45.64.10.25:8080,50.233.42.98:30717,176.99.2.43:1081
43.249.224.172:84,45.64.11.233:8080,50.235.117.234:39593,178.33.192.51:25201
45.4.252.217:999,45.64.11.241:8080,50.242.122.141:32100,178.238.25.174:1337
45.5.92.94:8137,45.70.14.58:999,50.246.120.125:8080,182.61.201.201:80
45.7.177.195:39867,45.70.201.178:999,51.83.190.248:19050,184.178.172.5:15303
45.7.177.225:34234,45.70.201.179:999,51.222.12.245:10084,184.178.172.13:15311
45.7.177.226:34234,45.114.37.25:8080,51.222.13.193:10084,184.178.172.14:4145
45.7.178.102:34234,45.114.38.57:8080,54.39.87.232:39721,184.178.172.18:15280
45.64.10.25:8080,45.114.39.25:8080,59.120.142.92:5678,184.178.172.25:15291
45.64.11.105:8080,45.114.39.161:8080,60.173.216.63:5678,184.178.172.28:15294
45.64.11.233:8080,45.116.229.183:8080,60.198.53.23:80,184.181.217.210:4145
45.64.11.241:8080,45.121.216.219:55443,60.217.64.237:35292,185.61.152.137:8080
45.70.14.58:999,45.127.56.194:83,61.79.139.30:80,188.165.226.95:9050
45.70.201.178:999,45.156.29.128:9090,61.247.25.57:4145,188.166.4.251:8118
45.70.201.179:999,45.160.74.1:999,62.103.186.66:4153,188.241.45.142:2021
45.114.37.25:8080,45.160.78.5:999,62.171.166.158:40063,190.2.153.31:9050
45.114.38.57:8080,45.160.78.9:999,64.27.10.80:32688,192.111.129.145:16894
45.114.39.25:8080,45.160.78.61:999,64.124.191.98:32688,192.111.130.2:4145
45.114.39.161:8080,45.166.144.2:999,64.139.79.35:8080,192.111.130.5:17002
45.116.229.183:8080,45.167.90.21:999,65.49.67.1:48324,192.111.135.17:18302
45.121.216.219:55443,45.167.253.129:999,65.186.60.165:5678,192.111.135.18:18301
45.127.56.194:83,45.172.111.89:999,66.42.224.229:41679,192.111.137.34:18765
45.156.29.128:9090,45.172.111.91:999,66.181.164.125:4673,192.111.137.35:4145
45.156.29.131:9090,45.172.111.93:999,67.201.33.10:25283,192.111.137.37:18762
45.160.74.1:999,45.172.111.125:999,67.206.213.202:4145,192.111.138.29:4145
45.160.78.5:999,45.173.231.155:999,67.206.217.74:5678,192.111.139.162:4145
45.160.78.9:999,45.173.231.195:999,68.71.249.153:48606,192.111.139.163:19404
45.160.78.37:999,45.174.70.18:53281,69.61.200.104:36181,192.111.139.165:4145
45.160.78.61:999,45.174.77.1:999,69.65.65.178:58389,192.252.208.67:14287
45.160.78.105:999,45.174.79.117:999,69.75.122.146:39593,192.252.208.70:14282
45.160.148.103:8080,45.174.79.189:999,70.90.67.137:54321,192.252.209.155:14455
45.160.168.187:8080,45.175.160.34:999,70.166.167.38:57728,192.252.211.197:14921
45.160.168.189:8080,45.175.160.49:999,70.166.167.55:57745,192.252.214.20:15864
45.164.150.122:999,45.177.109.197:8080,72.49.49.11:31034,192.252.215.5:16137
45.166.144.2:999,45.179.184.6:8083,72.195.34.35:27360,192.252.220.92:17328
45.167.23.30:999,45.179.184.121:8083,72.195.34.41:4145,193.105.124.46:1080
45.167.90.21:999,45.182.22.54:999,72.195.34.42:4145,195.15.240.27:1080
45.167.253.129:999,45.184.155.17:999,72.195.34.58:4145,198.8.94.170:4145
45.170.100.10:999,45.186.60.10:8085,72.195.34.59:4145,198.8.94.174:39078
45.170.100.128:999,45.188.105.52:8083,72.195.34.60:27391,202.85.197.139:80
45.170.100.193:999,45.189.58.67:9090,72.195.114.169:4145,206.189.158.86:443
45.170.101.2:999,45.189.58.69:9090,72.195.114.184:4145,207.180.193.106:9100
45.170.101.177:999,45.189.58.72:9090,72.206.181.97:64943,208.102.51.6:58208
45.172.111.89:999,45.189.58.75:9090,72.206.181.103:4145,210.221.124.147:1080
45.172.111.93:999,45.189.58.77:9090,72.206.181.105:64935,218.60.2.245:1080
45.172.111.125:999,45.189.117.237:999,72.206.181.123:4145,218.64.122.99:7302
45.173.44.1:999,45.189.252.218:999,72.210.208.101:4145,218.252.244.104:80
45.173.44.8:999,45.189.254.70:999,72.210.252.134:46164,221.178.239.200:7302
45.173.44.9:999,45.190.170.0:999,72.210.252.137:4145,222.174.252.54:7300
45.173.231.155:999,45.190.170.254:999,72.217.216.239:4145,223.100.241.162:7302
45.173.231.195:999,45.224.119.10:999,72.221.164.34:60671,
45.174.70.18:53281,45.225.184.145:999,72.221.172.203:4145,
45.174.77.1:999,45.225.184.177:999,72.221.196.157:35904,
45.174.79.117:999,45.225.184.206:999,72.221.232.152:4145,
45.174.79.189:999,45.226.185.2:8080,72.221.232.155:4145,
45.175.160.34:999,45.229.56.64:999,74.62.23.242:39593,
45.175.160.49:999,45.229.58.33:999,75.41.145.46:5678,
45.177.109.197:8080,45.229.205.190:55555,77.46.138.1:33608,
45.179.184.6:8083,45.230.225.1:666,77.241.20.215:55915,
45.179.184.121:8083,45.231.170.137:999,77.242.233.13:4153,
45.182.22.54:999,45.231.220.67:999,78.140.195.66:3629,
45.184.73.16:40033,45.232.151.131:8080,79.98.1.32:34746,
45.184.103.67:999,45.233.245.85:8083,80.63.107.90:4153,
45.184.155.7:999,45.249.78.25:83,80.65.28.57:30962,
45.184.155.17:999,45.251.74.228:80,81.22.103.65:80,
45.186.60.6:8085,46.0.203.186:8080,81.174.11.159:43516,
45.186.60.10:8085,46.4.35.210:9099,82.103.118.42:1099,
45.188.105.52:8083,46.36.132.23:8080,82.117.215.98:3629,
45.188.105.53:8083,46.52.162.45:8080,82.142.147.174:4145,
45.188.105.56:8083,46.98.251.182:8081,82.206.131.58:10801,
45.189.58.69:9090,46.122.7.149:8080,82.207.20.247:5678,
45.189.58.72:9090,46.161.195.105:1981,83.151.4.172:57812,
45.189.58.75:9090,46.191.235.167:443,83.171.114.92:56129,
45.189.58.77:9090,46.209.131.246:8080,83.218.186.22:5678,
45.189.117.237:999,46.209.196.146:8080,84.52.123.163:4145,
45.189.118.74:999,46.209.196.147:8080,85.25.91.141:15333,
45.189.252.218:999,46.219.80.142:45237,85.114.112.22:8080,
45.189.254.70:999,46.249.123.165:6565,85.132.8.221:4153,
45.190.170.0:999,47.51.51.190:8080,85.172.66.254:1099,
45.190.170.254:999,47.254.90.125:8080,85.198.244.100:3629,
45.224.119.10:999,47.254.248.149:8080,89.216.120.176:4153,
45.225.184.145:999,49.51.138.111:8118,89.218.5.106:50733,
45.225.184.177:999,49.231.140.120:8080,89.218.5.109:37717,
45.225.184.206:999,49.248.32.110:48434,89.218.5.110:37717,
45.226.185.2:8080,50.193.36.173:8080,89.237.32.129:37647,
45.229.56.64:999,50.201.51.216:8080,89.237.32.161:51549,
45.229.58.33:999,50.233.42.98:30717,89.237.33.65:37647,
45.229.205.190:55555,50.233.228.147:8080,89.237.33.193:51549,
45.229.205.191:55555,50.235.149.74:8080,89.237.34.193:37647,
45.230.225.1:666,50.235.247.114:8085,91.93.143.2:4153,
45.231.170.137:999,50.236.203.15:8080,91.93.143.14:4153,
45.231.220.67:999,50.246.120.125:8080,91.150.189.122:60647,
45.232.151.131:8080,51.79.50.31:9300,91.185.236.239:4145,
45.233.245.85:8083,51.195.81.233:8080,91.186.102.169:8082,
45.238.220.1:8181,52.91.171.186:49205,91.194.239.122:8080,
45.249.78.25:83,59.98.4.70:8080,91.202.230.219:8080,
45.251.74.228:80,60.211.218.78:53281,91.213.119.246:46024,
46.0.203.186:8080,61.7.141.30:8080,91.221.240.20:1515,
46.4.35.210:9099,61.7.159.133:8081,91.233.75.141:5678,
46.36.132.23:8080,61.9.53.157:1337,91.242.213.247:8080,
46.52.162.45:8080,61.14.228.126:8080,92.42.8.23:4153,
46.98.251.182:8081,61.216.156.222:60808,92.45.19.35:5678,
46.122.7.149:8080,61.216.185.88:60808,92.60.190.22:50335,
46.161.195.105:1981,62.3.30.22:8080,92.84.56.10:47054,
46.191.235.167:443,62.3.30.26:8080,92.207.253.226:38157,
46.209.131.246:8080,62.27.108.174:8080,92.241.87.14:5678,
46.209.196.146:8080,62.33.136.222:8080,92.249.122.108:58749,
46.209.196.147:8080,62.182.94.173:9812,93.91.201.70:5678,
46.219.80.142:45237,62.201.214.146:8080,93.105.40.62:51327,
46.249.123.165:6565,62.201.217.194:8080,94.101.55.201:4153,
47.51.51.190:8080,62.205.169.74:53281,94.139.150.45:4145,
47.254.90.125:8080,63.151.67.7:8080,94.232.11.178:46449,
47.254.248.149:8080,64.139.79.35:8080,94.232.125.200:5678,
49.12.156.165:80,66.181.164.125:4673,94.247.241.70:53640,
49.51.138.111:8118,66.211.155.34:8080,94.253.95.241:3629,
49.231.140.120:8080,67.73.184.178:8081,95.31.5.29:51528,
49.248.32.110:48434,67.206.206.2:999,95.31.35.210:3629,
50.193.36.173:8080,68.183.185.62:80,95.70.220.173:4153,
50.201.51.216:8080,69.11.145.106:8080,95.111.233.170:3000,
50.233.42.98:30717,69.75.140.157:8080,95.154.104.147:31387,
50.233.228.147:8080,70.186.128.126:8080,95.165.163.188:36496,
50.235.149.74:8080,71.25.47.187:8080,95.182.78.3:5678,
50.235.247.114:8085,74.114.232.162:8080,96.9.77.71:51080,
50.236.203.15:8080,75.106.98.189:8080,97.74.230.87:31365,
50.246.120.125:8080,77.37.155.85:1080,98.162.25.4:31654,
51.79.50.31:9300,77.38.21.239:8080,98.162.25.7:31653,
51.195.81.233:8080,77.46.138.38:8080,98.162.25.16:4145,
52.91.171.186:49205,77.46.138.49:8080,98.162.25.23:4145,
59.98.4.70:8080,77.46.138.233:8080,98.162.25.29:31679,
60.211.218.78:53281,77.52.187.199:10000,98.162.96.41:4145,
61.7.141.30:8080,77.233.5.68:55443,98.162.96.52:4145,
61.9.53.157:1337,77.236.236.38:10000,98.162.96.53:10663,
61.14.228.126:8080,77.236.236.44:8080,98.170.57.231:4145,
61.216.156.222:60808,77.236.236.85:8080,98.170.57.249:4145,
61.216.185.88:60808,77.236.237.177:8080,98.175.31.195:4145,
62.3.30.22:8080,77.236.237.241:1256,98.178.72.21:10919,
62.3.30.26:8080,77.236.238.33:1256,98.188.47.132:4145,
62.27.108.174:8080,77.236.243.39:1256,98.188.47.150:4145,
62.33.136.222:8080,77.236.248.237:8080,101.51.121.29:4153,
62.140.233.192:41258,77.236.252.187:1256,101.96.117.169:1080,
62.182.94.173:9812,77.242.21.186:8081,102.66.232.108:5678,
62.201.214.146:8080,78.29.36.210:9080,102.134.17.14:5678,
62.201.217.194:8080,78.30.230.117:50932,102.219.33.118:1080,
62.205.169.74:53281,78.47.227.89:8118,103.5.63.212:40544,
63.151.67.7:8080,78.186.85.127:10001,103.5.63.213:40544,
64.139.79.35:8080,78.188.118.100:10001,103.5.232.145:8080,
66.181.164.125:4673,79.120.177.106:8080,103.6.207.9:4153,
66.211.155.34:8080,79.142.95.90:55443,103.9.134.148:5678,
67.73.184.178:8081,80.63.84.58:8081,103.12.246.57:4145,
67.206.206.2:999,80.65.28.57:30962,103.24.21.1:5678,
68.183.185.62:80,80.84.176.110:8080,103.26.209.206:11080,
69.11.145.106:8080,80.87.213.45:8080,103.35.109.138:4145,
69.65.65.178:58389,80.87.213.111:8080,103.36.35.251:5678,
69.75.140.157:8080,80.87.217.6:8080,103.44.13.246:4145,
70.186.128.126:8080,80.90.132.128:8888,103.44.14.129:4145,
71.25.47.187:8080,80.106.247.145:53410,103.47.93.193:1080,
74.114.232.162:8080,80.240.201.62:83,103.47.93.217:1080,
75.106.98.189:8080,80.240.202.218:8080,103.47.93.224:1080,
77.37.155.85:1080,80.244.229.102:10000,103.66.232.5:4145,
77.38.21.239:8080,80.244.231.133:8080,103.66.233.153:4145,
77.46.138.38:8080,80.249.135.17:8080,103.66.233.185:4145,
77.46.138.49:8080,80.249.135.41:8080,103.68.0.242:5678,
77.46.138.233:8080,80.249.135.65:8080,103.69.44.21:4153,
77.52.187.199:10000,80.249.135.209:8080,103.70.159.134:5678,
77.233.5.68:55443,81.163.57.147:41258,103.76.24.29:5678,
77.236.236.38:10000,81.174.11.159:43516,103.76.179.122:4153,
77.236.236.44:8080,82.114.97.157:1256,103.78.25.99:3128,
77.236.236.85:8080,82.137.244.74:8080,103.78.27.48:4145,
77.236.237.177:8080,82.137.244.151:8080,103.79.96.154:4153,
77.236.237.241:1256,82.147.118.164:8080,103.82.11.209:4153,
77.236.238.33:1256,82.200.80.118:8080,103.82.233.2:1089,
77.236.243.39:1256,82.204.150.190:3129,103.85.67.169:4145,
77.236.248.237:8080,82.209.210.179:8080,103.87.81.86:5678,
77.236.252.187:1256,83.151.4.172:57812,103.88.221.194:46450,
77.242.21.186:8081,83.238.80.10:8081,103.89.62.9:4153,
78.29.36.210:9080,83.238.80.18:8081,103.93.185.82:5678,
78.30.230.117:50932,83.238.80.20:8081,103.95.97.186:31244,
78.47.227.89:8118,84.204.40.154:8080,103.102.144.244:5678,
78.186.85.127:10001,84.204.40.155:8080,103.103.52.46:4153,
78.188.118.100:10001,84.204.40.156:8080,103.105.40.21:4145,
79.120.177.106:8080,84.214.150.146:8080,103.109.59.77:1080,
79.142.95.90:55443,85.25.91.141:15333,103.109.168.36:5678,
80.63.84.58:8081,85.25.91.161:5566,103.109.196.49:5678,
80.65.28.57:30962,85.25.111.162:5566,103.111.137.67:5678,
80.84.176.110:8080,85.31.251.62:8080,103.111.160.41:5678,
80.87.213.45:8080,85.62.10.82:8080,103.115.255.225:36331,
80.87.213.111:8080,85.62.10.83:8080,103.116.203.242:40927,
80.87.217.6:8080,85.62.10.84:8080,103.117.192.14:80,
80.90.132.128:8888,85.62.10.85:8080,103.121.62.129:5678,
80.106.247.145:53410,85.62.10.94:8080,103.123.250.179:38362,
80.240.201.62:83,85.114.112.22:8080,103.127.1.130:80,
80.240.202.218:8080,85.117.56.147:8080,103.130.113.245:5678,
80.244.229.102:10000,85.117.56.151:8080,103.132.92.114:4673,
80.244.231.133:8080,85.234.38.247:3128,103.134.239.210:5678,
80.249.135.17:8080,85.234.126.107:55555,103.140.75.11:5678,
80.249.135.41:8080,85.235.184.186:3129,103.144.18.95:80,
80.249.135.65:8080,86.110.27.165:3128,103.145.45.109:51372,
80.249.135.209:8080,87.76.1.69:8080,103.145.45.201:51372,
81.163.57.147:41258,87.255.200.108:60080,103.146.182.54:4145,
81.174.11.159:43516,88.199.164.140:8081,103.152.89.210:4153,
82.114.97.157:1256,88.255.101.229:8080,103.153.140.225:4153,
82.137.244.74:8080,89.107.197.165:3128,103.153.140.249:4153,
82.137.244.151:8080,89.111.104.114:41258,103.156.14.165:5678,
82.147.118.164:8080,89.111.105.68:41258,103.156.249.38:1080,
82.200.80.118:8080,89.111.105.85:41258,103.160.201.76:8080,
82.204.150.190:3129,89.111.105.98:41258,103.163.36.40:5678,
82.209.210.179:8080,89.218.5.106:50733,103.164.223.35:5678,
83.151.4.172:57812,89.218.5.109:37717,103.166.39.17:8080,
83.238.80.10:8081,89.218.5.110:37717,103.166.39.33:3629,
83.238.80.18:8081,89.237.32.129:37647,103.197.251.202:80,
83.238.80.20:8081,89.237.32.161:51549,103.209.230.113:8080,
84.204.40.154:8080,89.237.33.65:37647,103.209.230.253:4153,
84.204.40.155:8080,89.237.34.193:37647,103.212.93.233:48434,
84.204.40.156:8080,91.90.180.185:8080,103.212.93.253:41363,
84.214.150.146:8080,91.93.42.119:10001,103.212.94.253:41363,
85.25.91.141:15333,91.93.42.124:10001,103.215.24.162:5678,
85.25.91.161:5566,91.93.118.3:8090,103.215.148.17:43928,
85.25.111.162:5566,91.150.189.122:60647,103.215.148.25:43928,
85.31.251.62:8080,91.186.102.169:8082,103.221.254.102:48146,
85.62.10.82:8080,91.194.239.122:8080,103.224.48.38:31433,
85.62.10.83:8080,91.203.18.1:9999,103.229.83.106:6789,
85.62.10.84:8080,91.203.19.129:9999,103.233.152.179:1080,
85.62.10.85:8080,91.214.31.234:8080,103.234.26.242:1080,
85.62.10.94:8080,91.221.240.20:1515,103.235.66.198:5678,
85.114.112.22:8080,91.227.183.110:80,103.238.68.87:40921,
85.117.56.147:8080,91.232.241.114:8080,103.239.165.29:5678,
85.117.56.151:8080,91.234.127.222:53281,103.242.104.243:5678,
85.234.38.247:3128,91.242.213.247:8080,103.242.104.245:5678,
85.234.126.107:55555,92.51.31.177:8080,103.245.205.142:35158,
85.235.184.186:3129,92.60.190.22:50335,103.248.30.219:5678,
86.110.27.165:3128,92.80.1.202:8082,103.251.214.167:6666,
87.76.1.69:8080,92.84.56.10:47054,105.234.148.192:4145,
87.255.200.108:60080,92.207.253.226:38157,106.14.147.96:22,
88.199.164.140:8081,92.247.2.26:21231,106.14.255.124:80,
88.255.101.229:8080,92.249.122.108:58749,108.175.23.241:13135,
89.107.197.165:3128,92.255.205.129:8080,109.69.0.62:1080,
89.111.104.114:41258,93.86.63.73:8080,109.69.161.131:10801,
89.111.105.68:41258,93.91.112.247:41258,109.167.134.253:30710,
89.218.5.106:50733,93.100.118.135:8080,109.195.23.223:34031,
89.218.5.109:37717,93.105.40.62:51327,109.232.106.150:52435,
89.218.5.110:37717,93.145.17.218:8080,109.238.222.1:4153,
89.237.32.161:51549,93.157.163.66:35081,110.77.149.20:4153,
89.237.33.65:37647,94.75.76.3:8080,110.78.81.107:8080,
89.237.33.193:51549,94.75.76.10:8080,110.78.208.148:8080,
89.237.34.193:37647,94.140.242.221:8080,111.160.16.186:10800,
91.90.180.185:8080,94.181.48.110:1256,112.6.117.178:8085,
91.93.42.119:10001,94.181.48.171:1256,112.14.47.6:57545,
91.93.42.124:10001,94.228.194.18:41890,112.78.170.251:5678,
91.93.42.125:10001,94.228.204.225:41890,112.133.192.231:5678,
91.93.118.3:8090,94.232.11.178:46449,113.53.29.228:13629,
91.106.65.107:9812,94.247.241.70:53640,113.53.91.10:5678,
91.150.189.122:60647,95.31.5.29:51528,113.108.247.146:20086,
91.186.102.169:8082,95.66.142.11:8080,113.161.145.229:4153,
91.194.239.122:8080,95.154.104.147:31387,114.5.129.22:5678,
91.197.77.118:443,95.158.44.63:8080,114.5.196.209:1081,
91.214.31.234:8080,95.165.163.188:36496,114.69.244.66:60616,
91.221.240.20:1515,95.167.29.50:8080,115.69.214.66:5678,
91.227.183.110:80,95.171.5.144:1256,115.85.72.202:5678,
91.232.241.114:8080,95.216.194.46:1080,115.127.23.165:35294,
91.234.127.222:53281,95.217.84.58:8118,115.164.146.10:5678,
91.240.61.255:8080,96.30.79.84:8080,115.164.146.18:13629,
91.242.213.247:8080,98.164.130.195:8080,115.240.101.49:5678,
92.51.31.177:8080,101.51.55.153:8080,116.90.229.186:35561,
92.60.190.22:50335,101.51.139.179:8080,116.118.98.10:5678,
92.80.1.202:8082,101.99.32.122:8080,116.206.61.179:5678,
92.84.56.10:47054,101.231.166.98:443,117.54.130.66:53281,
92.207.253.226:38157,101.255.127.10:8080,117.102.78.165:1080,
92.247.2.26:21231,101.255.127.11:8080,117.141.96.35:4145,
92.249.122.108:58749,101.255.127.12:8080,117.202.20.69:1088,
92.255.205.129:8080,101.255.164.58:8080,118.70.126.245:5678,
93.86.63.73:8080,102.38.5.161:8080,118.97.107.65:5430,
93.91.112.247:41258,102.38.14.157:8080,119.2.54.25:5678,
93.100.118.135:8080,102.38.17.101:8080,119.15.81.98:5678,
93.105.40.62:51327,102.38.17.121:8080,119.15.89.87:5678,
93.145.17.218:8080,102.68.128.210:8080,119.17.204.225:1080,
93.157.163.66:35081,102.68.128.211:8080,119.18.147.81:4153,
94.75.76.3:8080,102.68.128.212:8080,119.82.242.59:4145,
94.75.76.10:8080,102.68.128.214:8080,119.91.250.25:6666,
94.140.242.221:8080,102.68.128.215:8080,119.148.103.4:4153,
94.181.48.110:1256,102.68.128.216:8080,120.88.34.92:5678,
94.181.48.171:1256,102.68.128.217:8080,120.88.35.12:5678,
94.228.194.18:41890,102.68.128.218:8080,120.220.220.95:8085,
94.228.204.225:41890,102.68.128.219:8080,121.13.252.60:61401,
94.232.11.178:46449,102.68.129.54:8080,121.13.252.61:61401,
94.247.241.70:53640,102.68.130.18:6666,121.139.218.165:43295,
95.31.5.29:51528,102.68.135.21:8080,122.146.95.183:4145,
95.31.117.89:8080,102.68.135.129:8080,122.152.53.25:5678,
95.66.142.11:8080,102.68.135.157:8080,123.49.53.170:5678,
95.154.104.147:31387,102.134.127.15:8080,123.59.100.246:1080,
95.158.44.63:8080,102.141.197.17:8080,123.200.9.30:5678,
95.165.163.188:36496,102.165.127.85:8080,123.231.230.58:31196,
95.167.29.50:8080,103.5.232.145:8080,123.253.124.28:5678,
95.171.5.144:1256,103.7.27.186:8080,124.107.36.198:5678,
95.216.194.46:1080,103.10.22.236:8080,124.126.18.167:8000,
95.217.84.58:8118,103.11.106.48:8080,124.158.160.180:5678,
96.30.79.84:8080,103.11.106.148:8181,124.158.186.34:5678,
98.164.130.195:8080,103.15.60.21:8080,124.167.248.230:1080,
101.51.55.153:8080,103.15.60.23:8080,124.248.190.237:5678,
101.51.139.179:8080,103.15.140.121:44759,125.228.143.207:4145,
101.99.32.122:8080,103.17.213.102:8080,129.126.65.78:4153,
101.231.166.98:443,103.19.130.50:8080,129.126.99.254:4153,
101.255.127.10:8080,103.24.125.33:83,129.205.182.200:1080,
101.255.127.11:8080,103.29.185.54:8181,130.193.123.34:5678,
101.255.127.12:8080,103.31.109.59:3128,130.193.126.244:5678,
101.255.164.58:8080,103.35.132.18:84,131.108.60.22:3629,
102.38.5.161:8080,103.36.35.135:8080,131.161.68.41:35944,
102.38.14.157:8080,103.41.173.47:3128,131.196.180.1:4153,
102.38.17.101:8080,103.41.212.226:44759,134.0.63.134:8000,
102.38.17.121:8080,103.42.162.50:8080,134.19.254.2:4153,
102.68.128.210:8080,103.44.156.65:8080,136.228.160.250:5678,
102.68.128.211:8080,103.46.233.186:82,136.228.163.150:5678,
102.68.128.212:8080,103.47.67.154:8080,136.232.116.2:48976,
102.68.128.214:8080,103.48.68.35:83,136.233.136.41:48976,
102.68.128.215:8080,103.52.144.49:8080,138.186.133.161:4153,
102.68.128.216:8080,103.54.43.131:8080,138.201.125.229:8118,
102.68.128.217:8080,103.55.48.206:8080,138.219.201.242:5678,
102.68.128.218:8080,103.59.176.154:8080,138.255.240.66:41466,
102.68.128.219:8080,103.60.173.114:8080,139.255.86.226:5678,
102.68.129.54:8080,103.65.212.150:8085,139.255.94.123:39635,
102.68.130.18:6666,103.66.196.218:23500,140.206.81.178:1080,
102.68.135.21:8080,103.68.207.34:82,143.202.136.49:5678,
102.68.135.129:8080,103.69.36.38:8080,143.255.178.129:4153,
102.68.135.157:8080,103.69.38.1:8080,143.255.179.129:4153,
102.134.127.15:8080,103.69.39.1:8080,149.20.253.52:12551,
102.141.197.17:8080,103.70.79.2:8080,150.129.201.30:6666,
102.165.127.85:8080,103.70.79.3:8080,152.171.101.103:5678,
103.5.232.145:8080,103.74.147.22:83,152.204.128.46:35483,
103.7.27.186:8080,103.76.12.42:8181,153.121.36.194:8118,
103.10.22.236:8080,103.77.10.22:8080,154.70.151.73:5678,
103.11.106.48:8080,103.77.41.138:8080,154.72.78.146:5678,
103.11.106.148:8181,103.78.25.99:3128,154.73.85.1:57932,
103.15.60.21:8080,103.78.36.163:46977,154.73.85.133:57932,
103.15.60.23:8080,103.78.97.38:8080,154.79.242.178:1686,
103.15.140.121:44759,103.79.74.65:53879,154.79.248.156:5678,
103.17.213.102:8080,103.79.74.129:53879,155.0.181.254:41174,
103.19.130.50:8080,103.80.77.252:8080,155.133.83.237:58351,
103.24.125.33:83,103.80.237.211:3888,155.223.64.80:8081,
103.29.185.54:8181,103.81.212.192:83,159.69.153.169:5566,
103.31.109.59:3128,103.82.233.2:1089,159.224.187.170:5678,
103.35.132.18:84,103.83.116.122:55443,162.14.135.190:10800,
103.36.35.135:8080,103.83.116.202:55443,162.255.108.254:5678,
103.41.173.47:3128,103.83.178.204:2016,165.22.101.15:80,
103.41.212.226:44759,103.83.178.205:2016,167.71.5.83:8080,
103.41.212.229:44759,103.86.159.25:80,168.232.122.35:5678,
103.42.162.50:8080,103.97.46.214:83,170.80.91.10:4145,
103.44.156.65:8080,103.103.3.6:8080,170.246.85.9:37163,
103.46.233.186:82,103.105.125.6:83,173.195.27.131:10091,
103.47.67.154:8080,103.106.193.117:7532,173.195.27.157:10091,
103.48.68.34:83,103.109.96.69:8080,173.240.248.38:4145,
103.48.68.35:83,103.114.10.33:8080,174.64.199.79:4145,
103.48.68.36:83,103.114.10.234:8080,174.64.199.82:4145,
103.52.144.49:8080,103.114.10.250:8080,174.75.211.222:4145,
103.52.145.97:8080,103.114.11.197:8080,174.77.111.196:4145,
103.54.43.131:8080,103.114.11.226:8080,174.77.111.197:4145,
103.55.48.206:8080,103.114.98.217:6000,174.77.111.198:49547,
103.59.176.154:8080,103.116.203.242:40927,175.100.18.45:41575,
103.60.173.114:8080,103.119.55.21:8082,175.100.72.95:55360,
103.65.212.150:8085,103.119.55.232:10001,175.106.10.226:51630,
103.66.196.218:23500,103.120.175.47:9191,175.111.119.42:58033,
103.68.207.34:82,103.121.41.165:8080,175.139.179.65:41527,
103.69.36.38:8080,103.122.32.10:8080,175.144.198.226:31694,
103.69.38.1:8080,103.122.202.2:8080,176.99.2.43:1081,
103.69.39.1:8080,103.123.64.234:3128,176.197.103.58:4145,
103.70.79.2:8080,103.123.234.106:8080,177.10.84.192:4145,
103.70.79.3:8080,103.124.86.1:8080,177.12.178.5:4153,
103.74.147.22:83,103.124.87.1:8080,177.30.63.43:4153,
103.76.12.42:8181,103.125.162.134:83,177.72.6.18:4145,
103.77.10.22:8080,103.129.3.246:83,177.72.115.145:31164,
103.77.41.138:8080,103.130.70.209:83,177.72.115.161:31164,
103.78.25.99:3128,103.130.70.226:84,177.73.248.38:55290,
103.78.36.163:46977,103.130.104.62:83,177.80.38.207:4153,
103.78.97.38:8080,103.130.106.65:83,177.85.205.41:3629,
103.79.74.65:53879,103.130.106.73:83,177.91.76.34:4153,
103.79.74.129:53879,103.130.106.153:83,177.93.76.6:4145,
103.80.77.252:8080,103.130.141.98:8080,177.93.78.9:4153,
103.80.237.211:3888,103.133.26.100:8181,177.101.135.84:5678,
103.81.212.192:83,103.134.98.17:83,177.105.68.175:4153,
103.82.233.2:1089,103.136.82.252:82,177.128.44.130:31337,
103.83.116.122:55443,103.137.91.250:8080,177.131.29.212:4153,
103.83.116.202:55443,103.138.41.132:8080,177.152.66.59:5678,
103.83.178.204:2016,103.139.242.113:83,177.184.64.2:4145,
103.83.178.205:2016,103.139.242.177:82,177.184.67.33:4145,
103.86.159.25:80,103.139.243.137:83,177.184.67.97:4145,
103.97.46.214:83,103.140.109.93:8080,177.220.188.213:8080,
103.103.3.6:8080,103.142.21.197:8080,178.19.179.30:1088,
103.105.125.6:83,103.142.108.137:8080,178.33.192.51:25201,
103.106.193.117:7532,103.142.108.149:8080,178.48.68.61:4145,
103.109.96.69:8080,103.144.18.67:8082,178.132.4.53:443,
103.114.10.33:8080,103.144.18.94:8083,178.151.205.154:38421,
103.114.10.234:8080,103.144.79.186:8080,178.158.197.147:3629,
103.114.10.250:8080,103.145.45.57:55443,178.212.48.70:1080,
103.114.11.197:8080,103.145.45.77:55443,178.212.54.137:5678,
103.114.11.226:8080,103.145.57.50:8080,178.212.199.95:1099,
103.114.98.217:6000,103.145.57.109:8080,178.238.25.174:1337,
103.116.203.242:40927,103.145.128.179:8088,178.249.218.34:5678,
103.119.55.21:8082,103.145.128.180:8088,179.40.75.1:61362,
103.119.55.232:10001,103.146.170.193:83,180.180.124.248:49992,
103.120.175.47:9191,103.146.170.252:83,180.180.216.90:5678,
103.121.41.165:8080,103.146.185.105:3127,180.191.22.50:4153,
103.122.32.10:8080,103.146.222.2:83,180.210.222.209:1080,
103.122.202.2:8080,103.147.77.66:5021,180.211.158.90:5678,
103.123.64.234:3128,103.148.39.38:82,180.211.191.38:5678,
103.123.234.106:8080,103.148.39.50:83,180.250.190.150:1080,
103.124.86.1:8080,103.148.192.74:80,181.12.80.21:12000,
103.124.87.1:8080,103.148.195.22:8080,181.15.154.156:52033,
103.125.162.134:83,103.151.140.165:8080,181.49.212.122:5678,
103.129.3.246:83,103.153.40.38:8080,181.78.16.235:5678,
103.130.70.209:83,103.153.190.78:8081,181.113.135.254:50083,
103.130.70.226:84,103.153.232.241:8080,181.129.52.157:42648,
103.130.104.62:83,103.154.120.107:8080,181.129.70.82:44357,
103.130.106.65:83,103.154.230.58:8080,181.129.74.58:40667,
103.130.106.73:83,103.155.166.92:8181,181.143.69.227:5678,
103.130.106.153:83,103.155.166.93:8181,181.174.85.78:5678,
103.130.141.98:8080,103.155.166.94:8181,181.205.36.210:5678,
103.133.26.100:8181,103.156.17.35:8181,181.209.82.154:14888,
103.134.98.17:83,103.156.17.60:8888,181.209.103.98:5678,
103.136.82.252:82,103.156.17.123:8888,182.16.240.49:30617,
103.137.91.250:8080,103.156.216.178:80,182.23.5.70:5678,
103.138.41.132:8080,103.156.216.194:8443,182.52.51.10:61124,
103.139.242.113:83,103.156.249.34:8085,182.53.96.56:4145,
103.139.242.177:82,103.156.249.52:8080,182.61.201.201:80,
103.139.243.5:83,103.159.46.2:82,182.71.146.148:8080,
103.139.243.137:83,103.159.46.10:83,182.75.249.98:4145,
103.140.109.93:8080,103.159.46.25:83,182.93.85.49:5678,
103.142.21.197:8080,103.159.46.34:83,182.160.110.182:5678,
103.142.108.137:8080,103.159.46.41:83,182.160.127.53:48744,
103.142.108.149:8080,103.159.46.121:83,182.253.93.4:4145,
103.144.18.67:8082,103.159.47.34:83,183.63.138.178:5678,
103.144.18.94:8083,103.159.68.146:8080,183.88.240.53:4145,
103.144.79.186:8080,103.159.68.147:8080,183.194.93.138:51080,
103.145.45.57:55443,103.159.196.215:1085,183.251.50.152:4145,
103.145.45.77:55443,103.159.220.141:80,184.149.25.55:5678,
103.145.57.50:8080,103.160.201.76:8080,184.155.36.194:8080,
103.145.57.109:8080,103.161.30.1:83,184.178.172.5:15303,
103.145.128.179:8088,103.162.205.251:8181,184.178.172.11:4145,
103.145.128.180:8088,103.164.99.58:8181,184.178.172.13:15311,
103.146.170.193:83,103.164.113.211:8080,184.178.172.14:4145,
103.146.170.252:83,103.164.180.90:8080,184.178.172.17:4145,
103.146.185.105:3127,103.164.221.34:8080,184.178.172.18:15280,
103.146.222.2:83,103.166.39.17:8080,184.178.172.23:4145,
103.147.77.66:5021,103.166.39.33:3629,184.178.172.25:15291,
103.148.39.38:82,103.166.197.34:3128,184.178.172.26:4145,
103.148.39.50:83,103.167.109.31:80,184.178.172.28:15294,
103.148.192.74:80,103.168.29.228:9812,184.181.217.194:4145,
103.148.195.22:8080,103.168.164.26:83,184.181.217.201:4145,
103.151.140.165:8080,103.170.97.60:8080,184.181.217.206:4145,
103.153.40.38:8080,103.172.70.27:81,184.181.217.210:4145,
103.153.136.60:8080,103.178.42.10:8181,184.181.217.213:4145,
103.153.190.78:8081,103.178.43.2:8181,184.181.217.220:4145,
103.153.232.241:8080,103.178.43.6:8181,185.20.26.41:43051,
103.154.120.107:8080,103.183.60.226:9812,185.32.44.157:4153,
103.154.230.58:8080,103.204.168.253:8080,185.43.189.182:3629,
103.155.166.92:8181,103.207.1.82:8080,185.56.180.14:5678,
103.155.166.93:8181,103.207.3.6:83,185.61.152.137:8080,
103.155.166.94:8181,103.209.230.113:8080,185.75.110.50:43837,
103.156.17.35:8181,103.209.230.253:4153,185.82.98.73:5678,
103.156.17.60:8888,103.212.93.233:48434,185.82.99.42:9093,
103.156.17.123:8888,103.212.93.253:41363,185.82.250.24:5678,
103.156.216.178:80,103.212.94.253:41363,185.89.65.165:33744,
103.156.216.194:8443,103.213.237.129:8080,185.95.199.103:1099,
103.156.249.34:8085,103.214.201.209:8080,185.132.228.57:4145,
103.156.249.52:8080,103.215.207.34:83,185.161.186.84:54321,
103.159.46.2:82,103.215.207.50:81,185.169.181.25:4145,
103.159.46.10:83,103.215.207.54:83,185.213.156.226:51971,
103.159.46.25:83,103.215.207.74:83,185.215.160.27:5678,
103.159.46.34:83,103.215.207.81:82,186.24.9.114:1080,
103.159.46.41:83,103.215.207.85:83,186.87.179.54:5678,
103.159.46.121:83,103.220.206.110:59570,186.97.172.178:5678,
103.159.47.34:83,103.221.254.102:48146,186.97.236.242:5678,
103.159.68.146:8080,103.231.218.246:8080,186.159.3.193:45524,
103.159.68.147:8080,103.239.201.86:1337,186.208.19.61:5678,
103.159.196.215:1085,103.243.114.206:8080,186.251.255.25:31337,
103.159.220.141:80,103.248.93.5:8080,186.251.255.201:31337,
103.160.201.76:8080,103.250.68.10:8080,186.251.255.225:31337,
103.161.30.1:83,103.251.214.167:6666,187.19.127.246:8011,
103.162.205.251:8181,103.254.185.195:53281,187.44.1.248:5678,
103.164.99.58:8181,105.28.176.41:9812,187.44.167.78:47074,
103.164.113.211:8080,105.112.83.165:8080,187.62.191.3:33428,
103.164.180.90:8080,105.112.95.133:8080,187.72.110.84:4153,
103.164.221.34:8080,106.0.39.81:82,187.72.143.118:41890,
103.166.39.17:8080,106.0.48.130:8080,187.86.153.254:30660,
103.166.39.33:3629,106.0.48.132:8080,187.87.198.250:3629,
103.166.197.34:3128,107.178.9.186:8080,187.94.16.59:39665,
103.167.109.31:80,109.167.134.253:30710,187.102.26.79:35618,
103.168.29.228:9812,109.195.23.223:34031,187.115.3.186:5678,
103.168.164.26:83,109.200.159.26:8080,187.115.160.253:3629,
103.170.97.60:8080,109.200.159.27:8080,187.130.139.197:37812,
103.172.70.27:81,109.200.159.28:8080,188.18.10.140:5678,
103.178.42.10:8181,109.200.159.30:8080,188.72.6.98:37083,
103.178.43.2:8181,109.201.9.99:8080,188.133.160.22:4145,
103.178.43.6:8181,109.201.9.100:8080,188.134.1.49:3629,
103.183.60.226:9812,110.34.8.110:8080,188.136.162.30:4153,
103.204.168.253:8080,110.34.13.4:8080,188.163.170.130:35578,
103.207.1.82:8080,110.49.11.50:8080,188.165.226.95:9050,
103.207.3.6:83,110.74.203.250:8080,188.166.4.251:8118,
103.209.230.113:8080,110.77.134.106:8080,188.255.245.173:1080,
103.212.93.233:48434,110.78.28.94:8080,189.2.86.163:4153,
103.212.93.253:41363,110.78.81.107:8080,189.16.7.2:4153,
103.212.94.253:41363,110.171.84.180:8080,189.16.248.226:5678,
103.213.237.129:8080,110.232.66.209:808,189.121.227.139:5678,
103.214.201.209:8080,110.232.67.43:55443,189.201.187.3:4145,
103.215.207.34:83,110.232.67.44:55443,189.220.227.6:5678,
103.215.207.50:81,110.232.67.45:55443,190.2.153.31:9050,
103.215.207.54:83,111.68.26.237:8080,190.12.95.170:37209,
103.215.207.74:83,112.14.47.6:57545,190.14.155.198:5678,
103.215.207.81:82,112.78.131.91:8080,190.53.46.11:38525,
103.215.207.85:83,112.78.134.133:7777,190.85.181.210:4145,
103.220.206.110:59570,112.78.137.106:8080,190.103.240.4:4153,
103.221.254.102:48146,112.78.170.251:5678,190.107.240.214:1080,
103.231.218.246:8080,112.250.107.37:53281,190.109.72.238:33633,
103.231.231.82:8080,113.160.37.152:53281,190.109.72.241:33633,
103.235.199.179:9812,113.160.159.160:19132,190.123.226.109:5678,
103.239.201.86:1337,113.160.182.236:19132,190.140.31.195:9900,
103.243.114.206:8080,113.160.208.255:8080,190.181.140.90:5678,
103.248.93.5:8080,113.160.241.196:19132,190.182.88.214:30956,
103.250.68.10:8080,113.160.247.27:19132,190.186.216.196:5678,
103.251.214.167:6666,113.161.59.136:8080,190.205.32.146:5678,
103.254.185.195:53281,113.176.88.14:8080,190.205.100.129:5678,
104.37.102.181:8181,113.176.118.231:9812,190.214.27.46:8080,
105.28.176.41:9812,113.212.87.242:82,190.216.56.1:4153,
105.112.83.165:8080,114.5.199.220:443,190.216.56.177:4153,
105.112.95.133:8080,114.7.27.98:8080,190.220.1.173:35376,
106.0.39.81:82,114.79.146.137:8080,191.6.133.22:4145,
106.0.48.130:8080,115.74.246.138:8080,192.111.129.145:16894,
106.0.48.131:8080,115.124.79.90:8080,192.111.130.2:4145,
106.0.48.132:8080,115.124.79.93:8080,192.111.130.5:17002,
107.178.9.186:8080,115.127.162.234:8080,192.111.135.17:18302,
109.69.0.62:1080,115.147.15.109:8080,192.111.135.18:18301,
109.167.134.253:30710,116.0.4.54:8080,192.111.137.34:18765,
109.195.23.223:34031,116.90.229.186:35561,192.111.137.35:4145,
109.200.159.26:8080,116.197.130.71:80,192.111.137.37:18762,
109.200.159.27:8080,116.254.116.99:8080,192.111.138.29:4145,
109.200.159.28:8080,116.254.119.31:8080,192.111.139.162:4145,
109.200.159.30:8080,117.4.115.169:8080,192.111.139.163:19404,
109.201.9.99:8080,117.54.11.82:3128,192.111.139.165:4145,
109.201.9.100:8080,117.54.130.66:53281,192.140.42.81:47277,
110.34.8.110:8080,117.54.238.61:8080,192.140.42.83:59057,
110.34.13.4:8080,117.102.75.13:9999,192.141.232.12:33998,
110.49.11.50:8080,117.102.81.3:53281,192.158.15.201:60684,
110.74.203.250:8080,117.102.81.4:53281,192.252.208.67:14287,
110.77.134.106:8080,117.102.81.5:53281,192.252.208.70:14282,
110.78.28.94:8080,117.102.87.66:8080,192.252.209.155:14455,
110.78.81.107:8080,117.114.149.66:55443,192.252.211.197:14921,
110.171.84.180:8080,118.67.219.153:8080,192.252.214.20:15864,
110.232.66.209:808,118.69.176.168:8080,192.252.215.5:16137,
110.232.67.43:55443,118.70.109.148:55443,192.252.220.92:17328,
110.232.67.44:55443,118.91.178.225:8080,193.110.115.220:3128,
110.232.67.45:55443,118.97.47.248:55443,194.8.145.174:5678,
111.68.26.237:8080,118.97.164.19:8080,194.44.74.118:1080,
112.14.47.6:57545,118.99.96.173:8080,195.69.135.19:5678,
112.78.131.91:8080,118.163.13.200:8080,195.120.78.30:5678,
112.78.134.133:7777,118.163.120.181:58837,195.138.73.54:31145,
112.78.137.106:8080,118.172.43.60:8080,195.158.223.130:4153,
112.78.170.251:5678,118.172.187.127:8080,195.175.87.14:4153,
112.250.107.37:53281,118.175.244.111:8080,195.219.98.27:5678,
113.160.37.152:53281,119.18.152.210:3127,195.235.97.154:3000,
113.160.159.160:19132,119.82.241.21:8080,196.0.111.194:34638,
113.160.182.236:19132,119.235.17.105:55443,196.27.105.130:4153,
113.160.208.255:8080,119.252.168.218:7676,196.41.46.242:5678,
113.160.241.196:19132,120.28.218.28:3128,196.216.11.135:4673,
113.160.247.27:19132,120.89.90.230:80,196.250.39.65:5678,
113.161.59.136:8080,120.197.179.166:8080,197.210.217.66:34808,
113.176.88.14:8080,121.8.215.106:9797,197.211.240.119:5678,
113.176.118.231:9812,121.13.252.60:61401,197.232.21.22:58253,
113.212.87.242:82,121.22.90.90:443,197.232.39.208:14880,
114.5.199.220:443,121.139.218.165:43295,197.234.13.32:4145,
114.7.27.98:8080,122.2.28.114:8080,197.245.230.122:41026,
114.79.146.137:8080,122.3.41.154:8090,197.248.249.147:5678,
115.74.246.138:8080,122.50.7.186:8080,197.251.236.227:5678,
115.124.79.90:8080,123.200.17.107:8080,197.255.253.33:5678,
115.124.79.93:8080,123.200.26.214:8080,198.8.94.170:4145,
115.127.162.234:8080,123.201.21.234:8080,198.8.94.174:39078,
115.147.15.109:8080,123.231.186.26:8088,200.5.203.58:56142,
115.247.13.154:8080,123.231.221.178:8080,200.29.8.18:5678,
116.0.4.54:8080,124.67.20.251:53281,200.29.109.112:14888,
116.90.229.186:35561,124.158.167.173:8080,200.32.105.86:4153,
116.197.130.71:80,124.158.175.26:8080,200.52.144.170:33865,
116.254.116.99:8080,125.26.165.245:8080,200.55.25.15:5678,
116.254.119.31:8080,128.0.179.234:41258,200.58.77.188:1080,
117.4.115.169:8080,131.72.69.34:45005,200.81.144.1:1080,
117.54.11.82:3128,131.72.69.40:45005,200.115.157.210:4145,
117.54.130.66:53281,131.72.69.42:45005,200.116.226.210:57089,
117.54.238.61:8080,131.72.69.43:45005,200.146.229.129:8291,
117.102.75.13:9999,131.72.69.98:45005,200.174.228.183:4153,
117.102.81.3:53281,131.100.51.250:999,200.181.51.41:5678,
117.102.81.4:53281,132.255.210.112:999,201.18.91.34:4153,
117.102.81.5:53281,132.255.210.117:999,201.65.121.66:4145,
117.102.87.66:8080,132.255.210.118:999,201.76.9.26:4145,
117.114.149.66:55443,132.255.210.119:999,201.144.20.231:5678,
118.67.219.153:8080,132.255.210.122:999,201.159.103.97:31337,
118.69.176.168:8080,134.0.63.134:8000,201.184.135.155:4145,
118.70.109.148:55443,134.19.254.2:4153,201.184.159.28:5678,
118.91.178.225:8080,134.249.185.223:41890,201.184.230.34:5678,
118.97.47.248:55443,136.232.116.2:48976,201.220.85.22:5678,
118.97.164.19:8080,136.233.136.41:48976,202.6.224.50:1080,
118.99.96.173:8080,138.117.84.65:999,202.21.116.210:4153,
118.163.13.200:8080,138.117.84.134:999,202.29.218.138:4153,
118.163.120.181:58837,138.117.84.161:999,202.43.73.121:4145,
118.172.43.60:8080,138.117.85.97:999,202.43.112.34:4145,
118.172.187.127:8080,138.117.231.129:999,202.43.182.3:4153,
118.175.244.111:8080,138.117.231.130:999,202.51.103.154:5678,
119.15.86.30:8080,138.121.113.164:999,202.57.55.242:45112,
119.18.152.210:3127,138.121.113.182:999,202.58.199.229:5678,
119.82.241.21:8080,138.122.147.122:8080,202.69.38.42:5678,
119.235.17.105:55443,138.201.125.229:8118,202.75.103.194:5678,
119.252.168.218:7676,138.219.244.128:6666,202.85.197.139:80,
120.28.218.28:3128,138.219.244.154:6666,202.123.183.14:5678,
120.89.90.230:80,138.255.240.66:41466,202.129.52.174:4153,
120.197.179.166:8080,139.0.4.34:8080,202.131.246.250:5678,
121.8.215.106:9797,139.5.132.245:8080,202.137.24.18:7890,
121.13.252.60:61401,139.59.59.122:8118,202.158.49.142:39172,
121.13.252.61:61401,139.255.10.234:8080,202.159.30.65:443,
121.22.90.90:443,139.255.21.74:8080,202.164.194.41:4145,
121.139.218.165:43295,139.255.26.115:8080,202.166.206.59:5678,
122.2.28.114:8080,139.255.41.118:8080,202.179.184.35:5430,
122.3.41.154:8090,139.255.77.74:8080,202.179.184.44:5430,
122.50.7.186:8080,139.255.94.123:39635,203.76.112.68:5678,
122.224.56.198:7302,144.48.178.113:83,203.98.76.64:5678,
123.200.17.107:8080,144.217.240.185:9300,203.150.132.42:14153,
123.200.26.214:8080,146.120.174.149:8989,203.194.103.30:5678,
123.201.21.234:8080,147.75.113.231:8080,203.205.29.108:5678,
123.231.186.26:8088,147.135.134.57:9300,203.205.34.58:5678,
123.231.221.178:8080,149.28.95.93:8080,203.205.55.161:5678,
124.67.20.251:53281,150.107.137.25:8080,204.10.182.34:39593,
124.158.167.173:8080,150.129.201.30:6666,205.164.66.7:4153,
124.158.175.26:8080,152.169.106.145:80,207.180.193.106:9100,
125.26.165.245:8080,152.200.138.122:999,208.102.51.6:58208,
128.0.179.234:41258,152.200.154.57:999,210.221.124.147:1080,
129.205.182.200:1080,152.200.154.58:999,210.245.51.23:4145,
131.72.69.34:45005,152.200.154.60:999,210.245.51.76:4145,
131.72.69.40:45005,152.231.25.58:8080,211.174.100.111:4153,
131.72.69.42:45005,153.121.36.194:8118,212.42.99.22:4145,
131.72.69.43:45005,154.0.0.4:8080,212.69.12.41:1080,
131.72.69.98:45005,154.0.5.178:8080,212.102.103.133:4153,
131.100.51.250:999,154.0.12.57:8080,212.200.89.11:4153,
131.161.53.38:1994,154.0.14.193:8080,213.7.196.26:4153,
132.255.210.113:999,154.64.211.145:999,213.16.81.182:35559,
132.255.210.117:999,154.64.219.41:8888,213.145.139.202:5678,
132.255.210.118:999,154.72.67.190:8080,213.149.154.213:5678,
132.255.210.122:999,154.73.159.53:8585,213.222.34.200:53281,
134.0.63.134:8000,154.73.159.249:8585,213.226.11.149:59086,
134.19.254.2:4153,154.73.159.253:8585,213.230.69.33:1080,
134.249.185.223:41890,154.79.242.178:1686,216.155.93.238:5678,
136.228.160.250:5678,154.113.19.30:8080,216.169.73.65:34679,
136.232.116.2:48976,154.113.32.9:8080,217.66.223.248:5678,
136.233.136.41:48976,154.113.32.17:8080,217.117.138.150:3629,
138.117.84.65:999,154.113.32.26:8080,218.60.2.245:1080,
138.117.84.134:999,154.113.69.154:8080,218.75.69.50:56430,
138.117.84.161:999,154.113.119.50:8080,218.252.244.104:80,
138.117.85.97:999,154.113.151.177:8080,220.135.2.247:59171,
138.117.231.129:999,155.0.181.254:41174,221.4.161.201:51080,
138.117.231.130:999,155.93.96.210:8080,221.7.159.227:51080,
138.121.113.164:999,156.155.162.246:4415,222.70.178.4:4145,
138.121.113.182:999,157.100.52.146:999,222.165.223.140:41541,
138.122.147.122:8080,157.100.53.106:999,222.165.234.147:52667,
138.201.125.229:8118,157.100.53.110:999,222.252.21.100:5678,
138.219.244.128:6666,157.230.40.79:8080,223.165.243.81:47205,
138.219.244.154:6666,158.69.27.94:9300,,
138.255.240.66:41466,158.69.52.218:9300,,
139.0.4.34:8080,158.69.53.98:9300,,
139.5.132.245:8080,158.69.71.245:9300,,
139.59.59.122:8118,159.192.138.170:8080,,
139.255.10.234:8080,160.3.168.70:8080,,
139.255.21.74:8080,160.119.128.102:21213,,
139.255.26.115:8080,161.49.90.70:1337,,
139.255.41.118:8080,161.49.176.173:1337,,
139.255.77.74:8080,165.16.0.57:1981,,
139.255.94.123:39635,165.16.0.97:1981,,
143.208.156.170:8080,165.16.0.105:1981,,
144.48.178.113:83,165.16.27.35:1981,,
144.91.123.26:80,165.16.43.1:8080,,
144.217.240.185:9300,165.16.46.67:8080,,
146.120.174.149:8989,165.16.46.193:8080,,
147.75.113.231:8080,165.16.113.98:8080,,
147.135.134.57:9300,165.73.128.125:56975,,
149.28.95.93:8080,167.179.45.50:55443,,
150.107.137.25:8080,167.250.51.50:999,,
150.129.201.30:6666,167.250.180.2:6969,,
152.169.106.145:80,167.250.180.4:6969,,
152.200.138.122:999,167.250.180.6:6969,,
152.200.142.26:999,168.90.14.162:999,,
152.200.154.57:999,168.181.196.76:8080,,
152.200.154.58:999,168.205.100.36:8080,,
152.200.154.60:999,168.205.102.26:8080,,
152.204.128.46:35483,168.232.84.139:8080,,
152.231.25.58:8080,170.0.87.200:999,,
153.121.36.194:8118,170.80.202.242:999,,
154.0.0.4:8080,170.80.202.247:999,,
154.0.5.178:8080,170.81.37.54:8080,,
154.0.12.57:8080,170.83.242.250:999,,
154.0.14.193:8080,170.231.55.142:999,,
154.64.211.145:999,170.244.210.109:999,,
154.64.219.41:8888,170.244.210.110:999,,
154.72.67.190:8080,170.246.85.9:37163,,
154.73.159.53:8585,173.197.167.242:8080,,
154.73.159.249:8585,173.219.112.85:8080,,
154.73.159.253:8585,174.81.78.64:48678,,
154.79.242.178:1686,175.100.72.95:55360,,
154.113.19.30:8080,175.100.103.170:55443,,
154.113.32.9:8080,175.101.80.134:8080,,
154.113.32.17:8080,175.101.80.136:8080,,
154.113.32.26:8080,175.101.80.138:8080,,
154.113.69.154:8080,175.101.80.145:8080,,
154.113.119.50:8080,175.101.85.129:8080,,
154.113.151.177:8080,175.103.36.70:80,,
155.0.181.254:41174,175.106.10.164:8089,,
155.93.96.210:8080,175.106.10.226:51630,,
156.155.162.246:4415,175.106.10.227:7878,,
157.100.12.138:999,175.111.129.155:8080,,
157.100.52.146:999,175.111.129.156:8080,,
157.100.53.106:999,175.139.179.65:41527,,
157.100.53.110:999,176.98.22.224:8181,,
157.230.40.79:8080,176.99.2.43:1081,,
158.69.27.94:9300,176.110.121.90:21776,,
158.69.52.218:9300,176.115.197.118:8080,,
158.69.53.98:9300,176.118.50.237:53281,,
158.69.71.245:9300,176.118.50.238:53281,,
159.192.138.170:8080,176.119.158.31:8118,,
160.3.168.70:8080,176.214.97.55:1256,,
160.119.128.102:21213,176.235.131.229:9090,,
161.49.90.70:1337,176.235.131.231:9090,,
161.49.176.173:1337,176.235.131.234:9090,,
165.16.0.57:1981,176.236.85.246:9090,,
165.16.0.97:1981,176.236.232.65:9090,,
165.16.0.105:1981,176.236.232.67:9090,,
165.16.27.35:1981,176.236.232.69:9090,,
165.16.43.1:8080,177.22.88.224:3128,,
165.16.43.2:8080,177.43.72.251:3128,,
165.16.43.63:8080,177.53.152.138:999,,
165.16.46.67:8080,177.55.207.38:8080,,
165.16.46.193:8080,177.55.245.198:8080,,
165.16.113.98:8080,177.69.180.171:8080,,
165.73.128.125:56975,177.71.77.202:20183,,
165.73.128.217:56975,177.87.168.6:53281,,
167.179.45.50:55443,177.87.168.97:53281,,
167.250.51.50:999,177.87.168.105:53281,,
167.250.180.2:6969,177.93.50.164:999,,
167.250.180.4:6969,177.93.50.165:999,,
167.250.180.6:6969,177.105.232.114:8080,,
168.90.14.162:999,177.124.184.52:8080,,
168.181.196.76:8080,177.128.44.130:31337,,
168.205.100.36:8080,177.141.99.50:8080,,
168.205.102.26:8080,177.202.59.58:8080,,
168.232.84.139:8080,177.220.188.213:8080,,
169.46.126.192:80,177.220.226.122:50151,,
170.0.87.200:999,177.234.164.50:8080,,
170.0.87.202:999,177.234.236.12:999,,
170.79.88.93:999,177.242.151.131:8080,,
170.80.202.242:999,177.242.151.142:8080,,
170.80.202.247:999,177.242.151.143:8080,,
170.81.37.54:8080,177.242.151.157:8080,,
170.83.242.250:999,177.242.151.158:8080,,
170.231.55.142:999,178.93.151.100:8080,,
170.244.210.109:999,178.150.148.38:8282,,
170.244.210.110:999,178.151.205.154:38421,,
170.246.85.9:37163,178.169.139.180:8080,,
173.197.167.242:8080,178.210.51.118:8080,,
173.219.112.85:8080,178.212.196.177:9999,,
174.81.78.64:48678,178.216.24.80:55443,,
175.100.72.95:55360,178.217.172.206:55443,,
175.100.103.170:55443,178.236.223.250:8080,,
175.101.80.134:8080,178.238.25.174:1337,,
175.101.80.136:8080,179.1.91.37:999,,
175.101.80.138:8080,179.43.96.178:8080,,
175.101.80.145:8080,180.148.4.194:8080,,
175.101.85.129:8080,180.178.111.218:8080,,
175.103.36.70:80,180.178.111.219:8080,,
175.106.10.164:8089,180.178.111.220:8080,,
175.106.10.226:51630,180.178.189.102:3127,,
175.106.10.227:7878,180.180.123.40:8080,,
175.111.129.155:8080,180.180.218.250:8080,,
175.111.129.156:8080,180.191.22.200:8080,,
175.139.179.65:41527,180.193.213.42:8080,,
176.98.22.224:8181,180.210.160.70:8080,,
176.99.2.43:1081,180.210.178.30:8080,,
176.110.121.90:21776,180.211.183.2:8080,,
176.115.197.118:8080,180.250.153.129:53281,,
176.118.50.237:53281,180.250.252.218:8080,,
176.118.50.238:53281,180.250.252.221:8080,,
176.119.158.31:8118,181.10.117.254:999,,
176.214.97.55:1256,181.10.160.157:8080,,
176.235.131.229:9090,181.36.121.194:80,,
176.235.131.231:9090,181.36.121.222:999,,
176.235.131.234:9090,181.49.23.78:999,,
176.236.85.246:9090,181.49.36.124:999,,
176.236.232.65:9090,181.49.36.125:999,,
176.236.232.67:9090,181.49.100.190:8080,,
176.236.232.69:9090,181.49.217.254:8080,,
177.22.88.224:3128,181.65.241.164:10101,,
177.23.187.95:5566,181.74.81.195:999,,
177.43.72.251:3128,181.78.13.211:999,,
177.53.152.138:999,181.78.16.235:5678,,
177.55.207.38:8080,181.113.135.254:50083,,
177.55.245.198:8080,181.115.67.3:999,,
177.69.180.171:8080,181.115.187.218:8080,,
177.71.77.202:20183,181.129.14.163:999,,
177.87.168.6:53281,181.129.43.3:8080,,
177.87.168.97:53281,181.129.52.157:42648,,
177.87.168.105:53281,181.129.70.82:44357,,
177.93.50.164:999,181.129.74.58:40667,,
177.93.50.165:999,181.129.183.19:53281,,
177.105.232.114:8080,181.143.191.138:999,,
177.124.184.52:8080,181.176.161.39:999,,
177.128.44.130:31337,181.176.221.151:9812,,
177.141.99.50:8080,181.188.166.82:8080,,
177.202.59.58:8080,181.198.62.154:999,,
177.220.188.213:8080,181.205.116.218:9812,,
177.220.226.122:50151,181.209.77.250:999,,
177.234.164.50:8080,181.209.82.154:14888,,
177.242.151.131:8080,181.209.105.154:8080,,
177.242.151.142:8080,181.209.105.155:8080,,
177.242.151.143:8080,181.209.105.157:8080,,
177.242.151.157:8080,181.209.105.158:8080,,
177.242.151.158:8080,181.209.111.146:999,,
178.93.151.100:8080,181.209.111.147:999,,
178.150.148.38:8282,181.209.111.149:999,,
178.151.205.154:38421,181.209.117.50:8080,,
178.169.139.180:8080,181.209.117.53:8080,,
178.210.51.118:8080,181.209.124.10:999,,
178.212.196.177:9999,182.18.179.129:83,,
178.216.24.80:55443,182.23.35.242:8080,,
178.217.172.206:55443,182.52.51.10:61124,,
178.236.223.250:8080,182.52.140.57:8080,,
178.238.25.174:1337,182.52.229.165:8080,,
179.1.91.37:999,182.71.146.148:8080,,
179.43.96.178:8080,182.74.63.189:84,,
179.184.165.181:8080,182.93.82.191:8080,,
180.148.4.194:8080,182.176.164.41:8080,,
180.178.111.218:8080,182.191.84.39:80,,
180.178.111.219:8080,182.237.16.7:83,,
180.178.111.220:8080,182.253.6.236:8080,,
180.178.189.102:3127,182.253.28.124:8080,,
180.180.123.40:8080,182.253.93.4:4145,,
180.180.218.250:8080,182.253.105.123:8080,,
180.191.22.200:8080,182.253.108.186:8080,,
180.193.213.42:8080,182.253.112.194:8080,,
180.210.160.70:8080,182.253.140.250:8080,,
180.210.178.30:8080,182.253.191.132:8080,,
180.211.183.2:8080,182.253.197.69:8080,,
180.250.153.129:53281,182.253.197.70:8080,,
180.250.252.218:8080,183.88.212.184:8080,,
180.250.252.221:8080,183.88.228.208:8080,,
181.10.117.254:999,183.236.232.160:8080,,
181.10.160.157:8080,183.247.152.98:53281,,
181.36.121.194:80,184.155.36.194:8080,,
181.36.121.222:999,185.3.214.3:80,,
181.49.23.78:999,185.20.198.108:8080,,
181.49.36.124:999,185.23.110.106:8080,,
181.49.36.125:999,185.32.6.131:8090,,
181.49.100.190:8080,185.58.18.225:8080,,
181.49.217.254:8080,185.82.99.42:9093,,
181.65.241.164:10101,185.103.181.2:8080,,
181.74.81.195:999,185.108.140.69:8080,,
181.78.13.211:999,185.108.141.19:8080,,
181.78.16.235:5678,185.108.141.49:8080,,
181.113.135.254:50083,185.108.141.74:8080,,
181.115.67.3:999,185.108.141.114:8080,,
181.115.187.218:8080,185.110.211.221:8080,,
181.129.14.163:999,185.142.43.217:8080,,
181.129.43.3:8080,185.199.84.161:53281,,
181.129.52.157:42648,185.226.134.8:9090,,
181.129.70.82:44357,185.255.46.121:8080,,
181.129.74.58:40667,186.3.38.200:999,,
181.129.183.19:53281,186.24.9.114:1080,,
181.143.191.138:999,186.47.83.126:80,,
181.176.161.39:999,186.67.192.246:8080,,
181.176.221.151:9812,186.96.56.9:999,,
181.188.166.82:8080,186.97.172.178:5678,,
181.198.62.154:999,186.103.130.91:8080,,
181.205.116.218:9812,186.103.130.92:8080,,
181.209.77.250:999,186.103.130.93:8080,,
181.209.82.154:14888,186.103.130.94:8080,,
181.209.105.154:8080,186.125.235.101:999,,
181.209.105.155:8080,186.154.147.166:9812,,
181.209.105.157:8080,186.159.3.193:45524,,
181.209.105.158:8080,186.195.82.9:8181,,
181.209.111.146:999,186.208.81.214:3129,,
181.209.111.147:999,186.215.68.51:3127,,
181.209.111.149:999,187.1.57.206:20183,,
181.209.117.50:8080,187.6.108.42:8080,,
181.209.117.53:8080,187.44.167.78:47074,,
181.209.124.10:999,187.45.127.87:20183,,
182.18.179.129:83,187.62.191.3:33428,,
182.23.35.242:8080,187.62.195.145:8080,,
182.52.51.10:61124,187.72.143.118:41890,,
182.52.140.57:8080,187.73.68.14:53281,,
182.52.229.165:8080,187.94.16.59:39665,,
182.71.146.148:8080,187.95.112.36:6666,,
182.74.63.189:84,187.102.236.161:999,,
182.93.82.191:8080,187.109.37.53:20183,,
182.176.164.41:8080,187.109.40.9:20183,,
182.191.84.39:80,187.130.139.197:37812,,
182.237.16.7:83,187.188.169.169:8080,,
182.253.6.236:8080,187.188.171.73:6969,,
182.253.28.124:8080,187.189.175.136:999,,
182.253.93.4:4145,187.190.252.230:999,,
182.253.105.123:8080,187.190.252.248:999,,
182.253.108.186:8080,187.216.90.46:53281,,
182.253.112.194:8080,187.216.93.20:55443,,
182.253.140.250:8080,187.243.255.234:9812,,
182.253.191.132:8080,188.43.228.25:8080,,
182.253.197.69:8080,188.72.6.98:37083,,
182.253.197.70:8080,188.133.137.9:8081,,
183.88.212.184:8080,188.133.139.219:1256,,
183.88.228.208:8080,188.133.152.125:8080,,
183.236.232.160:8080,188.133.152.247:1256,,
183.247.152.98:53281,188.133.153.161:1256,,
184.155.36.194:8080,188.133.173.21:8080,,
185.3.214.3:80,188.163.170.130:35578,,
185.20.198.108:8080,188.169.38.111:8080,,
185.23.110.106:8080,188.235.130.50:8080,,
185.32.6.131:8090,189.3.169.34:9812,,
185.58.18.225:8080,189.73.50.58:8080,,
185.82.98.73:5678,189.90.241.30:5566,,
185.83.197.154:8080,189.90.255.208:3128,,
185.103.181.2:8080,189.193.224.222:999,,
185.108.140.69:8080,189.198.250.210:999,,
185.108.141.19:8080,189.199.106.202:999,,
185.108.141.49:8080,189.203.180.233:999,,
185.108.141.74:8080,190.2.210.114:999,,
185.108.141.114:8080,190.2.210.115:999,,
185.110.208.37:8080,190.2.213.35:6969,,
185.142.43.217:8080,190.12.95.170:37209,,
185.199.84.161:53281,190.14.249.174:999,,
185.226.134.8:9090,190.14.249.217:999,,
185.255.46.121:8080,190.53.46.11:38525,,
186.3.38.200:999,190.55.17.234:8181,,
186.24.9.114:1080,190.61.41.106:999,,
186.47.83.126:80,190.61.57.42:8080,,
186.67.192.246:8080,190.61.57.43:8080,,
186.96.56.9:999,190.61.101.39:8080,,
186.97.172.178:5678,190.63.35.30:9812,,
186.103.130.91:8080,190.82.91.203:999,,
186.103.130.92:8080,190.90.8.74:8080,,
186.103.130.93:8080,190.90.102.35:8080,,
186.103.130.94:8080,190.90.154.194:999,,
186.125.235.101:999,190.90.154.195:999,,
186.154.147.166:9812,190.90.154.197:999,,
186.159.3.193:45524,190.90.191.53:999,,
186.195.82.9:8181,190.107.232.138:999,,
186.208.81.214:3129,190.109.16.145:999,,
186.215.68.51:3127,190.109.18.65:8080,,
187.1.57.206:20183,190.109.168.217:8080,,
187.6.108.42:8080,190.113.40.21:999,,
187.44.167.78:47074,190.113.40.26:999,,
187.45.127.87:20183,190.121.128.217:999,,
187.62.191.3:33428,190.121.153.93:999,,
187.62.195.145:8080,190.131.250.105:999,,
187.72.143.118:41890,190.152.5.126:53040,,
187.73.68.14:53281,190.160.181.220:8118,,
187.94.16.59:39665,190.185.116.161:999,,
187.95.112.36:6666,190.186.1.65:999,,
187.102.236.161:999,190.186.18.161:999,,
187.109.37.53:20183,190.186.159.17:999,,
187.109.40.9:20183,190.187.201.26:8080,,
187.130.139.197:37812,190.214.27.46:8080,,
187.188.169.169:8080,190.214.52.226:53281,,
187.188.171.73:6969,190.217.10.12:999,,
187.189.175.136:999,190.217.101.73:999,,
187.190.252.230:999,190.220.1.173:35376,,
187.190.252.248:999,190.221.174.130:8080,,
187.216.90.46:53281,191.97.1.89:999,,
187.216.93.20:55443,191.97.6.211:999,,
187.243.255.234:9812,191.97.6.214:999,,
188.43.228.25:8080,191.97.9.189:999,,
188.72.6.98:37083,191.97.18.177:999,,
188.94.225.237:8080,191.97.19.57:999,,
188.133.137.9:8081,191.102.107.234:999,,
188.133.139.219:1256,191.102.107.235:999,,
188.133.152.125:8080,191.103.219.225:48612,,
188.133.152.247:1256,192.140.42.81:47277,,
188.133.153.161:1256,192.140.42.83:59057,,
188.133.173.21:8080,192.141.196.129:8080,,
188.163.170.130:35578,192.158.15.201:60684,,
188.166.4.251:8118,193.41.88.58:53281,,
188.169.38.111:8080,193.106.138.52:3128,,
188.235.130.50:8080,193.110.115.220:3128,,
189.3.169.34:9812,193.138.247.36:3128,,
189.73.50.58:8080,193.164.131.202:7890,,
189.90.241.30:5566,194.44.15.222:8081,,
189.90.255.208:3128,194.44.172.254:23500,,
189.193.224.222:999,194.181.134.81:8080,,
189.198.250.210:999,194.181.141.1:8080,,
189.199.106.202:999,195.138.73.54:31145,,
189.203.180.233:999,195.178.56.33:8080,,
190.2.210.114:999,195.211.219.147:5555,,
190.2.210.115:999,195.225.142.169:8080,,
190.2.213.34:6969,195.250.92.58:8080,,
190.2.213.35:6969,196.0.111.194:34638,,
190.12.95.170:37209,196.3.97.82:23500,,
190.14.249.174:999,196.3.100.42:8080,,
190.14.249.217:999,196.20.12.37:8080,,
190.53.46.11:38525,196.44.117.10:8080,,
190.55.17.234:8181,196.44.117.51:8080,,
190.61.41.106:999,196.216.65.57:8080,,
190.61.57.42:8080,197.81.195.200:8080,,
190.61.57.43:8080,197.155.230.206:8080,,
190.61.101.39:8080,197.210.217.66:34808,,
190.63.35.30:9812,197.211.38.94:8080,,
190.82.91.203:999,197.211.45.4:10000,,
190.90.8.74:8080,197.221.85.214:8080,,
190.90.102.35:8080,197.221.89.70:8080,,
190.90.154.194:999,197.232.65.40:55443,,
190.90.154.195:999,197.245.230.122:41026,,
190.90.154.197:999,198.52.241.12:999,,
190.90.191.53:999,198.229.231.13:8080,,
190.107.232.138:999,200.6.185.62:6969,,
190.109.16.145:999,200.7.10.158:8080,,
190.109.18.65:8080,200.8.188.25:999,,
190.109.168.217:8080,200.8.190.45:999,,
190.113.40.21:999,200.24.157.114:999,,
190.113.40.26:999,200.24.157.115:999,,
190.121.128.217:999,200.24.157.116:999,,
190.121.143.129:999,200.24.157.118:999,,
190.121.153.93:999,200.24.157.121:999,,
190.131.250.105:999,200.24.157.122:999,,
190.152.5.126:53040,200.29.109.112:14888,,
190.160.181.220:8118,200.32.51.179:8080,,
190.185.116.161:999,200.32.80.54:999,,
190.186.1.65:999,200.46.65.66:8080,,
190.186.18.161:999,200.48.3.226:10101,,
190.186.159.17:999,200.48.3.227:10101,,
190.187.201.26:8080,200.48.3.228:10101,,
190.202.94.210:8080,200.54.22.74:8080,,
190.214.27.46:8080,200.54.194.10:53281,,
190.214.52.226:53281,200.58.87.195:8080,,
190.217.10.12:999,200.61.16.80:8080,,
190.217.101.73:999,200.91.223.122:8080,,
190.220.1.173:35376,200.91.223.125:8080,,
190.221.174.130:8080,200.106.187.242:999,,
191.97.1.89:999,200.106.187.246:999,,
191.97.6.211:999,200.106.187.247:999,,
191.97.6.214:999,200.106.187.252:999,,
191.97.9.189:999,200.111.182.6:443,,
191.97.18.177:999,200.116.198.222:9812,,
191.97.19.57:999,200.116.226.210:57089,,
191.102.107.234:999,200.125.171.60:999,,
191.102.107.235:999,200.125.171.61:999,,
191.103.219.225:48612,200.125.171.201:9991,,
191.252.1.154:80,200.125.171.202:9991,,
192.140.42.81:47277,200.149.19.130:8080,,
192.140.42.83:59057,200.155.142.98:8080,,
192.141.196.129:8080,200.188.151.212:8080,,
192.158.15.201:60684,200.229.147.2:999,,
193.41.88.58:53281,200.233.92.222:20183,,
193.106.138.52:3128,200.252.32.40:53281,,
193.110.115.220:3128,201.71.2.112:999,,
193.138.247.36:3128,201.91.82.155:3128,,
193.164.131.202:7890,201.157.254.26:8080,,
194.44.15.222:8081,201.174.10.170:999,,
194.44.172.254:23500,201.174.104.222:999,,
194.181.134.81:8080,201.182.85.242:999,,
194.181.141.1:8080,201.219.11.203:999,,
195.138.73.54:31145,201.220.102.146:8080,,
195.178.56.33:8080,201.220.112.98:999,,
195.211.219.147:5555,202.21.110.82:8020,,
195.225.142.169:8080,202.51.106.229:8080,,
195.250.92.58:8080,202.52.13.2:8089,,
196.0.111.194:34638,202.53.171.114:80,,
196.3.97.82:23500,202.56.163.110:8080,,
196.3.100.42:8080,202.57.55.242:45112,,
196.20.12.37:8080,202.62.67.209:53281,,
196.44.117.10:8080,202.62.84.210:53281,,
196.44.117.51:8080,202.91.91.51:3128,,
196.216.65.57:8080,202.131.234.194:8080,,
197.81.195.200:8080,202.136.89.213:8080,,
197.155.230.206:8080,202.137.121.109:8080,,
197.210.217.66:34808,202.141.233.66:8080,,
197.211.38.94:8080,202.142.158.114:8080,,
197.211.45.4:10000,202.147.198.115:8080,,
197.221.85.214:8080,202.152.51.44:8080,,
197.221.89.70:8080,202.153.233.228:8080,,
197.232.39.208:14880,202.164.152.229:8080,,
197.232.65.40:55443,202.165.47.90:55443,,
197.245.230.122:41026,202.168.69.228:8080,,
198.52.241.12:999,202.168.69.230:8080,,
198.229.231.13:8080,202.169.51.46:8080,,
200.6.185.62:6969,202.169.229.139:53281,,
200.7.10.158:8080,202.180.20.11:55443,,
200.8.188.25:999,202.180.20.66:8080,,
200.8.190.45:999,202.180.54.97:8080,,
200.24.157.114:999,203.81.95.42:8080,,
200.24.157.115:999,203.84.153.210:8080,,
200.24.157.116:999,203.112.223.126:8080,,
200.24.157.118:999,203.142.69.69:8080,,
200.24.157.121:999,203.142.71.50:8080,,
200.24.157.122:999,203.142.71.51:8080,,
200.29.109.112:14888,203.170.222.4:8080,,
200.32.51.179:8080,203.177.133.235:8080,,
200.32.80.54:999,203.189.142.168:53281,,
200.46.65.66:8080,203.192.217.11:8080,,
200.48.3.226:10101,203.202.255.67:8080,,
200.48.3.227:10101,204.199.129.38:999,,
200.48.3.228:10101,205.201.49.132:53281,,
200.54.22.74:8080,206.62.64.34:8080,,
200.54.194.10:53281,206.161.97.2:31337,,
200.58.87.195:8080,206.161.97.5:31337,,
200.61.16.80:8080,206.161.97.16:31337,,
200.91.223.122:8080,208.180.105.70:8080,,
200.91.223.125:8080,210.5.10.87:53281,,
200.106.187.242:999,210.245.54.97:8080,,
200.106.187.246:999,212.12.69.43:8080,,
200.106.187.247:999,212.46.230.102:6969,,
200.106.187.252:999,212.89.188.115:21231,,
200.111.182.6:443,212.92.204.54:80,,
200.116.198.222:9812,212.95.180.50:53281,,
200.116.226.210:57089,212.108.144.67:8080,,
200.125.171.60:999,212.112.127.20:8080,,
200.125.171.61:999,212.174.242.114:8080,,
200.125.171.201:9991,213.6.28.66:8080,,
200.125.171.202:9991,213.6.28.94:8080,,
200.149.19.130:8080,213.6.99.106:8080,,
200.155.142.98:8080,213.6.149.2:8080,,
200.188.151.212:8080,213.32.75.88:9300,,
200.217.165.114:8080,213.136.101.36:3128,,
200.229.147.2:999,213.171.63.210:41890,,
200.233.92.222:20183,213.207.195.178:8080,,
200.252.32.40:53281,213.222.34.200:53281,,
201.71.2.112:999,213.226.11.149:59086,,
201.77.108.225:999,216.155.89.66:999,,
201.91.82.155:3128,216.169.73.65:34679,,
201.157.254.26:8080,217.21.214.139:8080,,
201.174.10.170:999,217.60.194.51:8080,,
201.174.104.222:999,217.60.194.53:8080,,
201.182.85.242:999,217.60.194.55:8080,,
201.184.145.59:999,217.60.195.37:8080,,
201.219.11.203:999,217.180.218.36:8080,,
201.220.102.146:8080,217.197.158.182:41890,,
201.220.112.98:999,218.7.171.91:3128,,
202.21.110.82:8020,218.75.69.50:56430,,
202.51.106.229:8080,218.185.234.194:8080,,
202.52.13.2:8089,218.185.234.197:8080,,
202.53.171.114:80,220.247.171.242:8080,,
202.56.163.110:8080,221.155.163.113:8080,,
202.57.55.242:45112,221.226.75.86:55443,,
202.62.67.209:53281,222.74.73.202:42055,,
202.62.84.210:53281,222.124.193.113:8080,,
202.91.91.51:3128,222.252.23.5:8080,,
202.131.234.194:8080,222.252.156.61:62694,,
202.136.89.213:8080,222.253.48.253:8080,,
202.137.121.109:8080,,,
202.141.233.66:8080,,,
202.142.158.114:8080,,,
202.147.198.115:8080,,,
202.152.51.44:8080,,,
202.153.233.228:8080,,,
202.164.152.229:8080,,,
202.165.47.90:55443,,,
202.168.69.228:8080,,,
202.168.69.230:8080,,,
202.169.51.46:8080,,,
202.169.229.139:53281,,,
202.180.20.11:55443,,,
202.180.20.66:8080,,,
202.180.54.97:8080,,,
203.81.95.42:8080,,,
203.84.153.210:8080,,,
203.112.223.126:8080,,,
203.142.69.69:8080,,,
203.142.71.50:8080,,,
203.142.71.51:8080,,,
203.170.222.4:8080,,,
203.177.133.235:8080,,,
203.189.142.168:53281,,,
203.192.217.11:8080,,,
203.202.255.67:8080,,,
204.199.129.38:999,,,
205.201.49.132:53281,,,
206.62.64.34:8080,,,
206.161.97.2:31337,,,
206.161.97.5:31337,,,
206.161.97.16:31337,,,
208.180.105.70:8080,,,
208.180.202.147:8080,,,
210.5.10.87:53281,,,
210.245.54.97:8080,,,
212.12.69.43:8080,,,
212.46.230.102:6969,,,
212.89.188.115:21231,,,
212.92.204.54:80,,,
212.95.180.50:53281,,,
212.108.144.67:8080,,,
212.112.127.20:8080,,,
212.119.198.254:8080,,,
212.174.242.114:8080,,,
213.6.28.66:8080,,,
213.6.28.94:8080,,,
213.6.99.106:8080,,,
213.6.149.2:8080,,,
213.32.75.88:9300,,,
213.136.101.36:3128,,,
213.171.63.210:41890,,,
213.207.195.178:8080,,,
213.222.34.200:53281,,,
213.226.11.149:59086,,,
216.155.89.66:999,,,
216.169.73.65:34679,,,
217.21.214.139:8080,,,
217.60.194.51:8080,,,
217.60.194.53:8080,,,
217.60.194.55:8080,,,
217.60.195.37:8080,,,
217.180.218.36:8080,,,
217.197.158.182:41890,,,
218.7.171.91:3128,,,
218.64.122.99:7302,,,
218.75.69.50:56430,,,
218.185.234.194:8080,,,
218.185.234.197:8080,,,
220.247.171.90:81,,,
220.247.171.242:8080,,,
221.155.163.113:8080,,,
221.178.239.200:7302,,,
221.226.75.86:55443,,,
222.74.73.202:42055,,,
222.124.193.113:8080,,,
222.252.23.5:8080,,,
222.252.156.61:62694,,,
222.253.48.253:8080,,,